{
    "train_losses": [
        1.0298563290948737,
        0.3023466582167639,
        0.051804542541503906,
        0.020120941408692975,
        0.010502974694109943,
        0.004514222326752258,
        0.006962662792369111,
        0.004102990771197293
    ],
    "val_losses": [
        0.7571284174919128,
        0.0698132776758737,
        0.03282642004907959,
        0.03081159613146964,
        0.0303494148926499,
        0.04245111903744853,
        0.030951671289383538,
        0.03652667235453717
    ],
    "train_accuracies": [
        0.45205479860305786,
        0.9229452013969421,
        0.9863013625144958,
        0.995505154132843,
        0.9972174763679504,
        0.9997859597206116,
        0.9991438388824463,
        0.9991438388824463
    ],
    "val_accuracies": [
        0.7534722089767456,
        0.9817708134651184,
        0.9913194179534912,
        0.9930555820465088,
        0.9930555820465088,
        0.9878472089767456,
        0.9913194179534912,
        0.9930555820465088
    ]
}