{
    "train_losses": [
        1.3936901962434924,
        0.6575341724060677,
        0.5812332034111023,
        0.5689391912640752,
        0.569211217197212,
        0.5605667684529279,
        0.5579893121848235,
        0.5575467283661301,
        0.5551236046327127,
        0.5564064528491046,
        0.556379095928089,
        0.556594197814529,
        0.5548498227789596,
        0.55442237370723,
        0.5537650875143103,
        0.5536968385851061,
        0.5545811330949938,
        0.5543771128396731,
        0.5551402971551225,
        0.5539188836071942,
        0.5539146307352427,
        0.554771587655351,
        0.5530606492145641,
        0.5536470944817001,
        0.5539554228653779,
        0.5538362441836177,
        0.5528218279013762,
        0.5536773027600469
    ],
    "validation_losses": [
        1.0625041723251343,
        0.778731994330883,
        0.6442613862454891,
        0.6315695159137249,
        0.6017288230359554,
        0.5924394875764847,
        0.5853137485682964,
        0.5852241441607475,
        0.5760427117347717,
        0.5735257267951965,
        0.5728352293372154,
        0.5763820372521877,
        0.5768324583768845,
        0.5697829201817513,
        0.5692549683153629,
        0.5707966014742851,
        0.5687255933880806,
        0.5762302652001381,
        0.5686039067804813,
        0.5703609585762024,
        0.5713048912584782,
        0.5759587213397026,
        0.5672860629856586,
        0.5652496293187141,
        0.5789629518985748,
        0.568998645991087,
        0.5669250674545765,
        0.5661965645849705
    ],
    "train_accuracies": [
        0.7336711883544922,
        0.9282094836235046,
        0.9763513803482056,
        0.9853603839874268,
        0.9833896160125732,
        0.9929617047309875,
        0.9957770109176636,
        0.9946509003639221,
        0.997184693813324,
        0.9957770109176636,
        0.9954954981803894,
        0.9954954981803894,
        0.9977477192878723,
        0.9974662065505981,
        0.9980292916297913,
        0.9983108043670654,
        0.997184693813324,
        0.9969031810760498,
        0.9966216087341309,
        0.9980292916297913,
        0.9974662065505981,
        0.997184693813324,
        0.9985923171043396,
        0.9977477192878723,
        0.9977477192878723,
        0.9977477192878723,
        0.9991554021835327,
        0.9977477192878723
    ],
    "validation_accuracies": [
        0.4485677182674408,
        0.7669270634651184,
        0.908203125,
        0.91796875,
        0.9518229365348816,
        0.9615885615348816,
        0.96484375,
        0.966796875,
        0.9759114384651184,
        0.9778645634651184,
        0.9778645634651184,
        0.9752604365348816,
        0.9752604365348816,
        0.9811198115348816,
        0.982421875,
        0.9791666865348816,
        0.982421875,
        0.974609375,
        0.9817708134651184,
        0.98046875,
        0.9811198115348816,
        0.974609375,
        0.984375,
        0.986328125,
        0.9713541865348816,
        0.982421875,
        0.9850260615348816,
        0.9850260615348816
    ],
    "aggregated_exit_layers": [
        16.0,
        0.0,
        0.0,
        0.0,
        0.0,
        0.0
    ]
}