{
    "train_losses": [
        1.1461995747582665,
        0.7579094788123821,
        0.7246848149546261,
        0.711694932189481,
        0.7116193843298945,
        0.6913809498836254,
        0.6702557000620611,
        0.6491839947371647,
        0.6471876327333779,
        0.6703483040990501,
        0.6631635314431684,
        0.6541968255207457
    ],
    "validation_losses": [
        0.8343170583248138,
        0.7455526207174573,
        0.7173029950686863,
        0.7284882409232003,
        0.6911749584334237,
        0.6860049835273198,
        0.6675919932978494,
        0.653846378837313,
        0.6838434551443372,
        0.6847323094095502,
        0.7207938986165183,
        0.8252492419310978
    ],
    "train_accuracies": [
        0.6377155184745789,
        0.9536637663841248,
        0.970474123954773,
        0.978232741355896,
        0.9659482836723328,
        0.9719827771186829,
        0.9715517163276672,
        0.9784482717514038,
        0.9842672348022461,
        0.9793103337287903,
        0.9818965792655945,
        0.9868534207344055
    ],
    "validation_accuracies": [
        0.9535714387893677,
        0.9624999761581421,
        0.9758928418159485,
        0.96875,
        0.9696428775787354,
        0.9758928418159485,
        0.9696428775787354,
        0.9785714149475098,
        0.9678571224212646,
        0.9696428775787354,
        0.9803571701049805,
        0.9696428775787354
    ],
    "aggregated_exit_layers": [
        0.0,
        0.0,
        0.0,
        0.0,
        0.0,
        14.0
    ]
}