{
    "train_losses": [
        195.93265860421317,
        148.3724583217076,
        142.89147077287947,
        142.36081913539343,
        142.99453953334265,
        143.12364850725447,
        142.05017852783203,
        141.91338348388672,
        141.64803532191686,
        141.5311737060547,
        141.5764901297433,
        141.53809683663505,
        141.4841319492885,
        141.5431365966797,
        141.45131356375558,
        141.4404536655971,
        141.44007110595703,
        141.35660117013114,
        141.45995003836495,
        141.97354125976562,
        142.2766342163086
    ],
    "validation_losses": [
        196.13174947102866,
        162.71830240885416,
        153.65985361735025,
        152.34093475341797,
        149.75540924072266,
        148.03446197509766,
        146.8501205444336,
        145.43817647298178,
        145.83877817789713,
        145.06939951578775,
        145.2206598917643,
        145.287353515625,
        144.90367126464844,
        144.44715627034506,
        143.62545522054037,
        144.76098124186197,
        143.41307576497397,
        143.8611323038737,
        143.83917744954428,
        144.25220235188803,
        145.25276692708334
    ],
    "train_accuracies": [
        0.9148995280265808,
        0.9935826063156128,
        0.9974888563156128,
        0.9972098469734192,
        0.994140625,
        0.9930245280265808,
        0.9983258843421936,
        0.9983258843421936,
        0.9991629719734192,
        0.9997209906578064,
        0.9994419813156128,
        0.9994419813156128,
        0.9997209906578064,
        0.9994419813156128,
        0.9997209906578064,
        0.9997209906578064,
        0.9997209906578064,
        1.0,
        0.9997209906578064,
        0.9977678656578064,
        0.9963727593421936
    ],
    "validation_accuracies": [
        0.9947916865348816,
        0.9967448115348816,
        0.9986979365348816,
        0.9986979365348816,
        0.9908854365348816,
        0.99609375,
        0.994140625,
        0.9947916865348816,
        0.99609375,
        0.994140625,
        0.9967448115348816,
        0.9967448115348816,
        0.9954426884651184,
        0.9967448115348816,
        0.998046875,
        0.9947916865348816,
        0.9967448115348816,
        0.998046875,
        0.99609375,
        0.9921875,
        0.9889323115348816
    ],
    "aggregated_exit_layers": [
        0.0,
        0.0,
        0.0,
        0.0,
        0.0,
        6.0
    ]
}